"rfm_group","no_customers","total_revenue","avg_reveneue_per_customer","avg_frequency_per_customer","avg_recency_per_customer"
1,9,2589238.49,287693.165555555556,147.00,10
2,13,3951754.64,303981.126153846154,149.85,8
3,17,5589062.68,328768.392941176471,163.65,7
4,8,2851713.42,356464.177500000000,172.00,4
5,3,1169103.78,389701.260000000000,187.33,2
